,img_path,source,refer_type,weight,paper_l,paper_w,paper_a,paper_angle,paper_dip,body_l,body_l_j,body_h,body_h_j,forebody_w,hindbody_w,heart_girth,heart_girth_j,waist,legs_d,legs_d_j,chest_waist_d,chest_waist_d_j,trunk_a,trunk_legs_a,chest_waist_a,hexagon_a,hexagon_head_a,hexagon_chest_a,hexagon_back_a,hexagon_ass_a,nose_chest_dr,chest_waist_dr
0,115,picc,A4,71.5,0.297,0.21,0.062369999999999995,1.5870532659909833,1.08,1.08,1.1,0.53,0.52,0.33,0.25,0.34,0.33,0.28,0.62,0.63,0.42,0.42,0.37,0.21,0.14,0.2413,0.0779,0.0703,0.0678,0.0253,0.5,1.33
1,142,picc,A4,50.5,0.297,0.21,0.062369999999999995,1.5408701002925855,1.1,1.01,1.03,0.58,0.57,0.25,0.21,0.3,0.29,0.27,0.5,0.51,0.34,0.34,0.3,0.15,0.1,0.2029,0.0682,0.0491,0.059,0.0265,0.48,1.25
2,154,picc,A4,31.0,0.297,0.21,0.062369999999999995,1.554715002111179,1.09,0.89,0.91,0.37,0.36,0.23,0.2,0.24,0.23,0.22,0.51,0.52,0.35,0.35,0.21,0.12,0.08,0.1514,0.0393,0.0426,0.0483,0.0212,0.41,1.61
3,103,picc,A4,68.0,0.297,0.21,0.062369999999999995,1.6386818488667978,0.82,1.42,1.35,0.6,0.63,0.3,0.22,0.32,0.35,0.3,0.61,0.58,0.4,0.4,0.45,0.2,0.13,0.2729,0.1194,0.0642,0.0611,0.0282,0.56,1.04
4,178,picc,A4,100.0,0.297,0.21,0.062369999999999995,1.5833932920875256,0.91,1.28,1.25,0.62,0.63,0.26,0.17,0.33,0.35,0.32,0.69,0.67,0.43,0.43,0.42,0.23,0.14,0.2771,0.0994,0.0715,0.0785,0.0278,0.51,1.18
5,20,picc,A4,100.0,0.297,0.21,0.062369999999999995,1.4278024807467884,1.0,1.43,1.43,0.5,0.5,0.34,0.26,0.36,0.36,0.31,0.72,0.72,0.47,0.47,0.51,0.26,0.17,0.3263,0.1132,0.0846,0.086,0.0425,0.48,1.29
6,98,picc,A4,56.95,0.297,0.21,0.062369999999999995,1.501223251629592,0.85,1.52,1.46,0.69,0.72,0.31,0.21,0.33,0.36,0.31,0.73,0.7,0.39,0.39,0.5,0.24,0.13,0.2976,0.1292,0.0634,0.0687,0.0362,0.56,0.99
7,139,picc,A4,73.4,0.297,0.21,0.062369999999999995,1.6369520357261897,1.05,1.22,1.23,0.67,0.66,0.29,0.23,0.34,0.33,0.31,0.63,0.64,0.38,0.38,0.41,0.21,0.13,0.2732,0.1013,0.0641,0.0722,0.0357,0.5,1.16
8,61,picc,A4,78.75,0.297,0.21,0.062369999999999995,1.5731511345160871,1.01,1.11,1.11,0.55,0.55,0.26,0.26,0.29,0.29,0.29,0.6,0.6,0.39,0.39,0.32,0.17,0.11,0.2244,0.0633,0.0562,0.0722,0.0328,0.42,1.37
9,181,picc,A4,42.7,0.297,0.21,0.062369999999999995,1.5661442567949702,1.04,1.01,1.02,0.49,0.49,0.23,0.22,0.27,0.26,0.25,0.5,0.5,0.32,0.32,0.27,0.14,0.09,0.1831,0.0618,0.0433,0.0549,0.0232,0.5,1.23
10,36,picc,A4,82.75,0.297,0.21,0.062369999999999995,1.5339614142158844,1.11,1.47,1.51,0.38,0.37,0.1,0.0,0.41,0.39,0.28,0.84,0.86,0.61,0.61,0.6,0.34,0.25,0.3708,0.1323,0.1176,0.0788,0.0422,0.47,1.66
11,119,picc,A4,58.1,0.297,0.21,0.062369999999999995,1.5610275952017407,0.97,0.93,0.92,0.45,0.45,0.22,0.18,0.23,0.23,0.27,0.47,0.47,0.28,0.28,0.21,0.11,0.06,0.1515,0.0485,0.0299,0.0557,0.0174,0.46,1.19
12,41,picc,A4,80.3,0.297,0.21,0.062369999999999995,1.606842207372878,0.88,1.21,1.17,0.58,0.6,0.28,0.17,0.3,0.32,0.31,0.65,0.63,0.5,0.5,0.36,0.2,0.15,0.2509,0.0874,0.0754,0.0731,0.015,0.5,1.45
13,16,picc,A4,42.6,0.297,0.21,0.062369999999999995,1.6365499088591335,1.06,0.95,0.96,0.52,0.51,0.25,0.22,0.26,0.25,0.25,0.52,0.53,0.32,0.32,0.25,0.14,0.08,0.1724,0.0464,0.0407,0.0595,0.0258,0.44,1.31
14,158,picc,A4,100.0,0.297,0.21,0.062369999999999995,1.513480215960661,0.89,1.13,1.1,0.57,0.59,0.3,0.2,0.31,0.33,0.29,0.54,0.52,0.34,0.34,0.35,0.17,0.11,0.2123,0.0823,0.0523,0.0585,0.0193,0.61,0.99
15,57,picc,A4,70.3,0.297,0.21,0.062369999999999995,1.7061450705613967,1.07,1.23,1.25,0.57,0.56,0.33,0.27,0.35,0.34,0.29,0.64,0.65,0.41,0.41,0.43,0.22,0.14,0.2766,0.0881,0.0711,0.0814,0.036,0.48,1.28
16,174,picc,A4,40.35,0.297,0.21,0.062369999999999995,1.5973467740249396,0.88,1.06,1.03,0.55,0.57,0.24,0.14,0.25,0.27,0.24,0.53,0.51,0.32,0.32,0.26,0.13,0.08,0.1658,0.0629,0.0402,0.046,0.0168,0.53,1.15
17,123,picc,A4,68.5,0.297,0.21,0.062369999999999995,1.5326164855579227,0.88,1.18,1.14,0.55,0.57,0.27,0.16,0.3,0.32,0.3,0.66,0.64,0.42,0.42,0.35,0.2,0.13,0.2283,0.0794,0.0626,0.0632,0.0233,0.52,1.26
18,82,picc,A4,66.3,0.297,0.21,0.062369999999999995,1.5860543503390585,1.19,1.22,1.27,0.63,0.6,0.4,0.37,0.38,0.35,0.32,0.6,0.63,0.39,0.39,0.46,0.23,0.15,0.3089,0.1002,0.0736,0.09,0.045,0.49,1.21
19,6,picc,A4,64.05,0.297,0.21,0.062369999999999995,1.501485280438029,0.79,1.28,1.21,0.59,0.63,0.27,0.19,0.29,0.33,0.25,0.67,0.63,0.47,0.47,0.37,0.19,0.14,0.2217,0.0846,0.0665,0.0523,0.0182,0.55,1.3
20,135,picc,A4,84.65,0.297,0.21,0.062369999999999995,1.5518273233479567,0.8,1.46,1.38,0.63,0.67,0.26,0.16,0.31,0.35,0.36,0.78,0.74,0.54,0.54,0.45,0.24,0.17,0.2998,0.1058,0.0829,0.0798,0.0313,0.53,1.38
21,162,picc,A4,51.5,0.297,0.21,0.062369999999999995,1.4972414369009783,0.7,1.28,1.17,0.49,0.54,0.24,0.15,0.26,0.31,0.29,0.6,0.55,0.33,0.33,0.33,0.16,0.09,0.1964,0.0822,0.0422,0.0497,0.0223,0.57,0.89
22,163,picc,A4,20.8,0.297,0.21,0.062369999999999995,1.5863421215686808,1.02,0.91,0.91,0.39,0.39,0.22,0.18,0.23,0.23,0.23,0.49,0.49,0.32,0.32,0.21,0.11,0.07,0.1439,0.0439,0.0348,0.0483,0.0169,0.46,1.39
23,7,picc,A4,77.9,0.297,0.21,0.062369999999999995,1.6558120543901886,1.0,1.25,1.25,0.76,0.76,0.38,0.29,0.4,0.4,0.35,0.54,0.54,0.33,0.33,0.5,0.22,0.13,0.3101,0.129,0.0654,0.0861,0.0295,0.59,0.82
24,83,picc,A4,41.9,0.297,0.21,0.062369999999999995,1.5808700054977842,0.93,1.09,1.07,0.54,0.55,0.23,0.17,0.25,0.26,0.26,0.57,0.56,0.34,0.34,0.27,0.14,0.08,0.1792,0.0672,0.0423,0.0455,0.0243,0.51,1.25
25,134,picc,A4,67.95,0.297,0.21,0.062369999999999995,1.6310604439927952,0.97,1.17,1.16,0.7,0.71,0.32,0.23,0.33,0.34,0.29,0.6,0.6,0.4,0.4,0.39,0.2,0.13,0.2487,0.0946,0.0674,0.0604,0.0263,0.52,1.18
26,95,picc,A4,75.55,0.297,0.21,0.062369999999999995,1.5720258047318443,0.78,1.38,1.3,0.58,0.62,0.32,0.23,0.34,0.38,0.33,0.45,0.42,0.25,0.25,0.47,0.15,0.08,0.2512,0.1206,0.0424,0.0591,0.0292,0.68,0.57
27,122,picc,A4,48.1,0.297,0.21,0.062369999999999995,1.7768819971023437,0.94,1.12,1.1,0.39,0.4,0.23,0.24,0.26,0.27,0.29,0.69,0.68,0.46,0.46,0.29,0.18,0.12,0.2111,0.0501,0.0593,0.0691,0.0326,0.39,1.66
28,175,picc,A4,58.9,0.297,0.21,0.062369999999999995,1.5114438176970952,0.83,1.19,1.14,0.49,0.51,0.27,0.18,0.28,0.31,0.29,0.59,0.56,0.38,0.38,0.33,0.17,0.11,0.2136,0.0792,0.052,0.0611,0.0213,0.51,1.12
29,56,picc,A4,91.45,0.297,0.21,0.062369999999999995,1.567365228288858,1.0,1.16,1.16,0.51,0.51,0.28,0.17,0.33,0.33,0.28,0.71,0.71,0.49,0.49,0.38,0.23,0.16,0.2572,0.0706,0.0814,0.0769,0.0283,0.45,1.5
30,159,picc,A4,100.0,0.297,0.21,0.062369999999999995,1.5166318731548145,0.73,1.71,1.58,0.61,0.66,0.37,0.16,0.37,0.43,0.41,0.75,0.69,0.49,0.49,0.63,0.28,0.18,0.3829,0.166,0.0889,0.0919,0.0361,0.59,0.96
31,10281,picc,A4,42.0,0.297,0.21,0.062369999999999995,1.6242615322070786,1.18,0.72,0.75,0.46,0.44,0.19,0.1,0.23,0.21,0.14,0.4,0.42,0.26,0.26,0.17,0.09,0.06,0.1017,0.0384,0.0299,0.0276,0.0058,0.5,1.31
32,17,picc,A4,85.25,0.297,0.21,0.062369999999999995,1.5697222133519038,1.31,1.15,1.23,0.75,0.7,0.33,0.27,0.39,0.34,0.3,0.63,0.67,0.41,0.41,0.45,0.25,0.16,0.311,0.0889,0.0768,0.1086,0.0367,0.46,1.39
33,118,picc,A4,60.8,0.297,0.21,0.062369999999999995,1.558756395813657,0.84,1.08,1.03,0.47,0.49,0.26,0.15,0.27,0.29,0.23,0.53,0.51,0.37,0.37,0.29,0.14,0.1,0.1766,0.074,0.0491,0.0409,0.0125,0.55,1.17
34,180,picc,A4,85.25,0.297,0.21,0.062369999999999995,1.5549796110059533,1.25,1.15,1.22,0.73,0.69,0.34,0.29,0.37,0.33,0.3,0.62,0.66,0.42,0.42,0.43,0.23,0.16,0.3007,0.0895,0.0769,0.0984,0.0359,0.46,1.4
35,138,picc,A4,88.95,0.297,0.21,0.062369999999999995,1.5798301324629167,0.95,1.19,1.17,0.62,0.63,0.33,0.24,0.36,0.37,0.37,0.62,0.61,0.35,0.35,0.43,0.22,0.13,0.2847,0.0986,0.0626,0.08,0.0436,0.47,0.94
36,60,picc,A4,22.1,0.297,0.21,0.062369999999999995,1.6100167803952745,0.97,0.86,0.85,0.46,0.46,0.21,0.16,0.21,0.21,0.19,0.41,0.41,0.28,0.28,0.18,0.09,0.06,0.1172,0.0428,0.0305,0.0298,0.0141,0.5,1.29
37,99,picc,A4,23.1,0.297,0.21,0.062369999999999995,1.5500394842520386,0.95,0.94,0.93,0.41,0.42,0.21,0.18,0.21,0.22,0.21,0.45,0.44,0.23,0.23,0.2,0.09,0.05,0.1222,0.0452,0.0242,0.0356,0.0173,0.53,1.04
38,179,picc,A4,55.39,0.297,0.21,0.062369999999999995,1.6117362200430205,0.88,1.02,0.99,0.51,0.53,0.25,0.16,0.29,0.31,0.27,0.55,0.53,0.28,0.28,0.3,0.16,0.08,0.1844,0.0712,0.0405,0.0493,0.0234,0.5,0.86
39,21,picc,A4,84.05,0.297,0.21,0.062369999999999995,1.632241118231363,1.01,1.15,1.15,0.49,0.49,0.28,0.34,0.33,0.33,0.37,0.78,0.78,0.51,0.51,0.38,0.26,0.17,0.2935,0.0517,0.0823,0.1088,0.0507,0.36,1.58
40,102,picc,A4,100.0,0.297,0.21,0.062369999999999995,1.5619071902349217,0.9,1.12,1.09,0.53,0.54,0.29,0.17,0.3,0.32,0.23,0.62,0.6,0.43,0.43,0.34,0.19,0.13,0.2126,0.0739,0.0655,0.0564,0.0169,0.45,1.29
41,155,picc,A4,100.0,0.297,0.21,0.062369999999999995,1.4241520305559683,0.99,1.18,1.18,0.5,0.5,0.33,0.23,0.34,0.34,0.28,0.62,0.62,0.39,0.39,0.4,0.21,0.13,0.2553,0.0898,0.0657,0.0734,0.0264,0.48,1.14
42,143,picc,A4,89.75,0.297,0.21,0.062369999999999995,1.4542724585428153,0.82,1.54,1.47,0.68,0.71,0.29,0.22,0.35,0.39,0.32,0.76,0.72,0.5,0.5,0.54,0.27,0.18,0.3206,0.1331,0.086,0.0709,0.0307,0.55,1.17
43,114,picc,A4,100.0,0.297,0.21,0.062369999999999995,1.5170565617180247,0.77,1.49,1.4,0.61,0.65,0.19,0.16,0.39,0.44,0.39,0.84,0.79,0.64,0.64,0.58,0.33,0.25,0.3771,0.1323,0.124,0.1009,0.0199,0.55,1.29
44,47,picc,A4,48.4,0.297,0.21,0.062369999999999995,1.515214902170147,0.93,1.21,1.19,0.62,0.63,0.28,0.19,0.29,0.3,0.27,0.64,0.63,0.39,0.39,0.35,0.19,0.11,0.2183,0.0853,0.0552,0.052,0.0257,0.52,1.25
45,10101,picc,A4,86.0,0.297,0.21,0.062369999999999995,1.5901487492103512,0.99,1.05,1.05,0.58,0.58,0.25,0.21,0.31,0.31,0.3,0.64,0.64,0.43,0.43,0.33,0.2,0.13,0.2287,0.0611,0.0661,0.0719,0.0296,0.42,1.38
46,148,picc,A4,53.9,0.297,0.21,0.062369999999999995,1.6741014720082819,0.88,1.29,1.25,0.68,0.7,0.34,0.18,0.38,0.41,0.26,0.51,0.49,0.27,0.27,0.49,0.19,0.1,0.2692,0.1299,0.052,0.0611,0.0262,0.58,0.63
47,10,picc,A4,58.8,0.297,0.21,0.062369999999999995,1.5969628060274785,0.92,1.04,1.02,0.55,0.56,0.29,0.2,0.29,0.3,0.25,0.48,0.47,0.33,0.33,0.3,0.14,0.1,0.1867,0.0788,0.0484,0.0414,0.0181,0.56,1.05
48,109,picc,A4,50.55,0.297,0.21,0.062369999999999995,1.4528964344794972,0.69,1.1,1.0,0.38,0.42,0.2,0.13,0.2,0.24,0.26,0.5,0.46,0.28,0.28,0.22,0.1,0.06,0.1356,0.0566,0.0274,0.0335,0.018,0.56,0.99
49,172,picc,A4,100.0,0.297,0.21,0.062369999999999995,1.5967016920439772,0.88,1.31,1.27,0.71,0.73,0.33,0.17,0.37,0.39,0.34,0.66,0.64,0.45,0.45,0.48,0.24,0.17,0.3018,0.1226,0.083,0.0764,0.0198,0.59,1.09
50,92,picc,A4,82.8,0.297,0.21,0.062369999999999995,1.696448744772204,0.74,1.83,1.7,0.85,0.8,0.36,0.24,0.39,0.45,0.41,0.9,0.83,0.62,0.62,0.71,0.35,0.24,0.4393,0.174,0.1207,0.106,0.0385,0.54,1.15
51,125,picc,A4,100.0,0.297,0.21,0.062369999999999995,1.6324636266857768,0.87,1.42,1.37,0.68,0.7,0.38,0.22,0.41,0.44,0.33,0.61,0.59,0.37,0.37,0.58,0.25,0.15,0.3313,0.1393,0.0742,0.0885,0.0294,0.59,0.79
52,84,picc,A4,68.8,0.297,0.21,0.062369999999999995,1.4481105939961685,0.84,1.51,1.45,0.67,0.7,0.35,0.26,0.37,0.4,0.37,0.73,0.7,0.44,0.44,0.56,0.27,0.16,0.3484,0.1373,0.0799,0.0943,0.0369,0.5,1.0
53,133,picc,A4,50.05,0.297,0.21,0.062369999999999995,1.5081170323036588,0.94,1.02,1.0,0.38,0.39,0.22,0.16,0.22,0.23,0.21,0.52,0.51,0.32,0.32,0.22,0.11,0.07,0.147,0.054,0.0363,0.039,0.0178,0.51,1.36
54,164,picc,A4,100.0,0.297,0.21,0.062369999999999995,1.5438643320865144,0.92,1.22,1.19,0.63,0.64,0.29,0.16,0.37,0.39,0.32,0.6,0.59,0.34,0.34,0.45,0.22,0.13,0.2734,0.1158,0.0624,0.0697,0.0255,0.54,0.86
55,113,picc,A4,51.85,0.297,0.21,0.062369999999999995,1.5485993769556707,0.89,1.0,0.97,0.47,0.48,0.23,0.15,0.24,0.25,0.25,0.45,0.44,0.26,0.26,0.24,0.11,0.06,0.1483,0.064,0.031,0.0383,0.015,0.6,0.92
56,144,picc,A4,35.7,0.297,0.21,0.062369999999999995,1.592189831248659,1.02,0.83,0.83,0.43,0.43,0.2,0.22,0.25,0.25,0.24,0.5,0.5,0.29,0.29,0.21,0.12,0.07,0.1408,0.0348,0.036,0.0427,0.0274,0.38,1.2
57,152,picc,A4,100.0,0.297,0.21,0.062369999999999995,1.5702271748927779,0.7,1.7,1.55,0.64,0.7,0.37,0.22,0.37,0.44,0.39,0.82,0.75,0.55,0.55,0.63,0.3,0.2,0.3809,0.1632,0.1012,0.091,0.0255,0.59,1.03
58,105,picc,A4,59.85,0.297,0.21,0.062369999999999995,1.6108213703060634,1.04,0.99,1.0,0.56,0.55,0.27,0.16,0.3,0.29,0.25,0.52,0.53,0.35,0.35,0.3,0.16,0.1,0.1927,0.0696,0.0514,0.0521,0.0196,0.49,1.24
59,191,picc,A4,54.85,0.297,0.21,0.062369999999999995,1.5825101690907415,0.87,1.09,1.05,0.56,0.58,0.27,0.15,0.29,0.31,0.26,0.46,0.44,0.25,0.25,0.32,0.13,0.07,0.1862,0.0819,0.0346,0.0486,0.0211,0.58,0.75
60,26,picc,A4,38.85,0.297,0.21,0.062369999999999995,1.5651919869473023,0.87,1.1,1.06,0.54,0.56,0.23,0.19,0.26,0.28,0.26,0.46,0.44,0.27,0.27,0.29,0.12,0.07,0.1792,0.0765,0.0348,0.0478,0.0201,0.54,0.9
61,129,picc,A4,27.8,0.297,0.21,0.062369999999999995,1.5809927533800705,0.91,0.92,0.9,0.44,0.45,0.18,0.13,0.2,0.21,0.2,0.46,0.45,0.31,0.31,0.18,0.09,0.06,0.1208,0.047,0.0313,0.0297,0.0129,0.52,1.39
62,71,picc,A4,55.3,0.297,0.21,0.062369999999999995,1.5755504853474631,1.0,0.99,0.99,0.49,0.49,0.26,0.27,0.29,0.29,0.29,0.6,0.6,0.35,0.35,0.29,0.17,0.1,0.2027,0.0632,0.0489,0.0709,0.0196,0.45,1.21
63,88,picc,A4,100.0,0.297,0.21,0.062369999999999995,1.621517389202338,0.65,2.02,1.81,0.79,0.8,0.38,0.19,0.43,0.53,0.43,0.75,0.67,0.35,0.35,0.87,0.32,0.15,0.454,0.2453,0.0753,0.0854,0.048,0.67,0.53
64,67,picc,A4,56.15,0.297,0.21,0.062369999999999995,1.5263823180112512,0.82,1.15,1.09,0.55,0.58,0.27,0.13,0.28,0.31,0.26,0.47,0.45,0.29,0.29,0.32,0.13,0.08,0.1897,0.086,0.0361,0.0552,0.0125,0.59,0.85
65,187,picc,A4,100.0,0.297,0.21,0.062369999999999995,1.5931682185100005,1.05,1.55,1.57,0.66,0.65,0.42,0.37,0.46,0.45,0.39,0.85,0.86,0.61,0.61,0.71,0.39,0.28,0.481,0.1479,0.1416,0.1382,0.0533,0.45,1.39
66,168,picc,A4,80.95,0.297,0.21,0.062369999999999995,1.566291438633583,0.98,1.22,1.21,0.65,0.65,0.32,0.27,0.35,0.35,0.32,0.65,0.65,0.41,0.41,0.43,0.23,0.14,0.2729,0.0949,0.0706,0.0766,0.0309,0.51,1.15
67,30,picc,A4,51.85,0.297,0.21,0.062369999999999995,1.3324551726900289,0.68,1.4,1.27,0.54,0.59,0.28,0.19,0.29,0.35,0.31,0.53,0.48,0.33,0.33,0.41,0.15,0.1,0.2313,0.1114,0.0456,0.0542,0.0201,0.61,0.77
68,186,picc,A4,64.3,0.297,0.21,0.062369999999999995,1.6550711308409094,1.03,1.36,1.37,0.72,0.71,0.3,0.25,0.35,0.34,0.29,0.69,0.7,0.41,0.41,0.48,0.24,0.14,0.2978,0.1112,0.0707,0.0805,0.0355,0.51,1.22
69,169,picc,A4,100.0,0.297,0.21,0.062369999999999995,1.547544703984434,0.87,1.24,1.2,0.66,0.68,0.34,0.2,0.35,0.38,0.32,0.74,0.71,0.44,0.44,0.43,0.26,0.15,0.2672,0.1003,0.0761,0.0647,0.0262,0.57,1.1
70,31,picc,A4,78.95,0.297,0.21,0.062369999999999995,1.5904158067085508,0.79,1.87,1.76,0.74,0.78,0.31,0.24,0.39,0.44,0.37,1.02,0.96,0.74,0.74,0.73,0.4,0.29,0.454,0.1579,0.1431,0.1147,0.0384,0.5,1.49
71,89,picc,A4,57.45,0.297,0.21,0.062369999999999995,1.5863722980772672,1.06,1.15,1.17,0.51,0.5,0.32,0.28,0.34,0.33,0.27,0.54,0.55,0.36,0.36,0.39,0.18,0.12,0.2472,0.0866,0.0623,0.0629,0.0354,0.5,1.12
72,66,picc,A4,55.55,0.297,0.21,0.062369999999999995,1.5991977786334572,0.96,1.0,0.99,0.52,0.53,0.28,0.22,0.28,0.29,0.26,0.44,0.44,0.27,0.27,0.28,0.12,0.08,0.1758,0.0714,0.0377,0.0467,0.02,0.55,0.92
73,128,picc,A4,63.55,0.297,0.21,0.062369999999999995,1.4157950795952778,0.9,1.28,1.25,0.59,0.61,0.29,0.2,0.29,0.31,0.29,0.64,0.62,0.43,0.43,0.37,0.19,0.12,0.2405,0.0895,0.063,0.06,0.0279,0.5,1.33
74,70,picc,A4,70.0,0.297,0.21,0.062369999999999995,1.5378957331554415,0.94,1.19,1.17,0.56,0.57,0.27,0.17,0.3,0.31,0.28,0.66,0.65,0.43,0.43,0.36,0.2,0.13,0.2309,0.0854,0.0636,0.0577,0.0242,0.51,1.35
75,190,picc,A4,51.5,0.297,0.21,0.062369999999999995,1.5396472374660128,0.84,1.1,1.05,0.48,0.5,0.22,0.11,0.24,0.26,0.23,0.66,0.63,0.5,0.5,0.26,0.16,0.12,0.1793,0.0573,0.0602,0.0535,0.0083,0.5,1.72
76,27,picc,A4,47.7,0.297,0.21,0.062369999999999995,1.6570869397106063,1.04,1.12,1.13,0.49,0.49,0.27,0.24,0.29,0.28,0.25,0.66,0.67,0.48,0.48,0.32,0.19,0.14,0.2229,0.0579,0.0696,0.0708,0.0247,0.41,1.75
77,10161,picc,A4,19.0,0.297,0.21,0.062369999999999995,1.5656763539166323,1.0,0.7,0.7,0.39,0.39,0.17,0.15,0.2,0.2,0.19,0.38,0.38,0.26,0.26,0.14,0.08,0.05,0.0941,0.0271,0.0241,0.0306,0.0122,0.45,1.31
78,104,picc,A4,54.75,0.297,0.21,0.062369999999999995,1.524319536188865,0.88,1.0,0.97,0.48,0.5,0.27,0.15,0.26,0.28,0.26,0.47,0.46,0.27,0.27,0.26,0.12,0.07,0.1626,0.0669,0.0362,0.0392,0.0203,0.55,0.91
79,153,picc,A4,52.8,0.297,0.21,0.062369999999999995,1.6420548276568445,1.04,0.99,1.0,0.48,0.48,0.21,0.22,0.24,0.24,0.24,0.62,0.63,0.4,0.4,0.24,0.15,0.1,0.1731,0.0416,0.0475,0.0607,0.0234,0.4,1.68
80,145,picc,A4,95.95,0.297,0.21,0.062369999999999995,1.6034594779688094,0.87,1.53,1.48,0.75,0.78,0.32,0.25,0.38,0.41,0.39,0.79,0.76,0.52,0.52,0.58,0.3,0.2,0.3778,0.1371,0.0988,0.0973,0.0445,0.51,1.18
81,112,picc,A4,31.2,0.297,0.21,0.062369999999999995,1.658431812685271,0.98,0.78,0.78,0.32,0.32,0.18,0.19,0.22,0.22,0.21,0.45,0.45,0.26,0.26,0.17,0.1,0.06,0.1163,0.0321,0.0288,0.0367,0.0187,0.42,1.15
82,165,picc,A4,100.0,0.297,0.21,0.062369999999999995,1.6353751727048889,1.13,1.15,1.19,0.5,0.48,0.32,0.32,0.36,0.34,0.32,0.8,0.82,0.58,0.58,0.41,0.29,0.21,0.3173,0.0452,0.1018,0.1225,0.0478,0.26,1.83
83,1,picc,A4,92.1,0.297,0.21,0.062369999999999995,1.6375303142985769,1.33,1.27,1.36,0.64,0.6,0.4,0.38,0.42,0.36,0.33,0.7,0.75,0.49,0.49,0.53,0.29,0.21,0.3809,0.0941,0.0993,0.1233,0.0642,0.39,1.55
84,132,picc,A4,46.35,0.297,0.21,0.062369999999999995,1.5848365659077988,0.9,1.07,1.04,0.5,0.51,0.24,0.2,0.28,0.3,0.3,0.59,0.57,0.43,0.43,0.3,0.17,0.12,0.2086,0.0686,0.0606,0.0625,0.0168,0.5,1.38
85,124,picc,A4,21.6,0.297,0.21,0.062369999999999995,1.56097502565446,0.92,0.9,0.88,0.4,0.41,0.19,0.12,0.2,0.21,0.22,0.48,0.47,0.29,0.29,0.18,0.1,0.06,0.1209,0.0404,0.0278,0.035,0.0176,0.49,1.33
86,10301,picc,A4,41.0,0.297,0.21,0.062369999999999995,1.7412109064677408,1.03,0.8,0.81,0.34,0.34,0.17,0.11,0.2,0.2,0.18,0.49,0.49,0.33,0.33,0.16,0.1,0.07,0.1094,0.0297,0.0325,0.0335,0.0137,0.42,1.71
87,173,picc,A4,46.0,0.297,0.21,0.062369999999999995,1.6101344066151058,0.85,1.05,1.01,0.54,0.56,0.26,0.18,0.27,0.29,0.25,0.58,0.56,0.38,0.38,0.28,0.16,0.1,0.1787,0.0612,0.0512,0.0502,0.0162,0.5,1.2
88,108,picc,A4,43.9,0.297,0.21,0.062369999999999995,1.667422014695553,1.07,0.92,0.94,0.56,0.55,0.26,0.17,0.29,0.28,0.22,0.45,0.46,0.29,0.29,0.27,0.13,0.08,0.1662,0.0632,0.0406,0.046,0.0164,0.53,1.07
89,50,picc,A4,20.65,0.297,0.21,0.062369999999999995,1.548706532814797,0.87,0.91,0.88,0.43,0.45,0.19,0.16,0.19,0.2,0.21,0.48,0.46,0.3,0.3,0.17,0.09,0.06,0.1187,0.0381,0.0286,0.0361,0.0159,0.44,1.37
90,149,picc,A4,43.7,0.297,0.21,0.062369999999999995,1.6087468286410915,1.42,1.07,1.17,0.63,0.58,0.37,0.34,0.39,0.33,0.27,0.56,0.61,0.38,0.38,0.42,0.22,0.15,0.2833,0.0806,0.0735,0.0845,0.0448,0.45,1.39
91,11,picc,A4,100.0,0.297,0.21,0.062369999999999995,1.5231918196373926,0.83,1.67,1.59,0.85,0.8,0.34,0.23,0.43,0.47,0.43,0.86,0.82,0.58,0.58,0.72,0.37,0.25,0.4616,0.1821,0.1258,0.1233,0.0303,0.56,1.12
92,10291,picc,A4,41.0,0.297,0.21,0.062369999999999995,1.5874179834114353,0.99,0.81,0.81,0.39,0.39,0.19,0.14,0.2,0.2,0.18,0.45,0.45,0.32,0.32,0.16,0.09,0.06,0.1093,0.0365,0.0327,0.0312,0.0089,0.51,1.57
93,46,picc,A4,27.85,0.297,0.21,0.062369999999999995,1.4685776265968753,0.96,1.05,1.04,0.47,0.47,0.16,0.18,0.26,0.27,0.23,0.63,0.62,0.39,0.39,0.27,0.16,0.1,0.1764,0.057,0.0495,0.0478,0.0222,0.43,1.45
94,166,picc,A4,100.0,0.297,0.21,0.062369999999999995,1.6254148007834388,0.87,1.43,1.38,0.59,0.61,0.26,0.21,0.33,0.35,0.33,0.88,0.85,0.65,0.65,0.47,0.29,0.21,0.3272,0.089,0.108,0.093,0.0372,0.41,1.69
95,10251,picc,A4,49.0,0.297,0.21,0.062369999999999995,1.580021478491615,0.97,1.01,1.0,0.5,0.5,0.25,0.21,0.27,0.27,0.28,0.54,0.54,0.38,0.38,0.27,0.15,0.1,0.1915,0.0462,0.0493,0.0685,0.0275,0.35,1.37
96,189,picc,A4,100.0,0.297,0.21,0.062369999999999995,1.7897457382343362,0.77,1.47,1.38,0.7,0.75,0.29,0.14,0.39,0.44,0.36,0.74,0.69,0.51,0.51,0.57,0.29,0.2,0.3517,0.1539,0.0976,0.0789,0.0213,0.55,1.01
97,69,picc,A4,57.2,0.297,0.21,0.062369999999999995,1.5838277928087332,0.91,0.99,0.97,0.47,0.48,0.2,0.15,0.23,0.24,0.22,0.59,0.58,0.4,0.4,0.23,0.14,0.09,0.1505,0.0455,0.0443,0.0445,0.0162,0.45,1.62
98,131,picc,A4,52.85,0.297,0.21,0.062369999999999995,1.4682447301478354,1.01,1.03,1.03,0.58,0.58,0.31,0.2,0.32,0.32,0.27,0.45,0.45,0.29,0.29,0.33,0.14,0.09,0.2034,0.0921,0.0471,0.0448,0.0193,0.58,0.92
99,86,picc,A4,58.8,0.297,0.21,0.062369999999999995,1.5953899825285371,0.95,1.43,1.41,0.66,0.67,0.32,0.23,0.33,0.34,0.28,0.7,0.69,0.47,0.47,0.47,0.23,0.16,0.2952,0.1167,0.077,0.0703,0.0312,0.53,1.34
100,127,picc,A4,100.0,0.297,0.21,0.062369999999999995,1.558115847069068,0.73,1.37,1.27,0.59,0.64,0.33,0.22,0.34,0.4,0.33,0.61,0.56,0.44,0.44,0.47,0.21,0.15,0.2815,0.1211,0.0744,0.0741,0.0119,0.59,0.97
101,28,picc,A4,66.55,0.297,0.21,0.062369999999999995,1.7892877987780462,1.03,1.24,1.25,0.54,0.54,0.29,0.3,0.33,0.33,0.31,0.63,0.63,0.42,0.42,0.41,0.21,0.14,0.2783,0.0687,0.0674,0.0945,0.0477,0.38,1.32
102,170,picc,A4,71.05,0.297,0.21,0.062369999999999995,1.616036390321491,1.06,1.12,1.14,0.67,0.66,0.35,0.26,0.37,0.36,0.31,0.53,0.54,0.33,0.33,0.41,0.2,0.12,0.2614,0.0722,0.0589,0.0861,0.0441,0.43,0.94
103,53,picc,A4,57.05,0.297,0.21,0.062369999999999995,1.6265355846213565,0.78,1.26,1.18,0.56,0.6,0.29,0.22,0.32,0.36,0.33,0.57,0.54,0.41,0.41,0.4,0.18,0.13,0.2538,0.1082,0.0629,0.0679,0.0148,0.58,1.01
104,12,picc,A4,63.55,0.297,0.21,0.062369999999999995,1.602861622161146,0.91,1.02,1.0,0.54,0.55,0.26,0.18,0.3,0.31,0.27,0.55,0.54,0.29,0.29,0.31,0.16,0.09,0.1924,0.0707,0.0423,0.0546,0.0247,0.49,0.88
105,185,picc,A4,21.45,0.297,0.21,0.062369999999999995,1.6375175832190596,1.14,0.78,0.81,0.39,0.38,0.22,0.19,0.22,0.21,0.18,0.45,0.46,0.33,0.33,0.17,0.1,0.07,0.1204,0.0337,0.0367,0.0389,0.0112,0.48,1.69
106,65,picc,A4,46.4,0.297,0.21,0.062369999999999995,1.642369546921219,1.01,0.99,0.99,0.45,0.45,0.27,0.16,0.27,0.27,0.23,0.5,0.5,0.27,0.27,0.27,0.14,0.07,0.1623,0.0645,0.0356,0.0375,0.0246,0.52,1.02
107,73,picc,A4,47.2,0.297,0.21,0.062369999999999995,1.5461028145200855,0.94,1.0,0.98,0.41,0.42,0.25,0.17,0.25,0.26,0.24,0.48,0.47,0.31,0.31,0.25,0.12,0.08,0.1665,0.0584,0.039,0.0514,0.0177,0.48,1.14
108,24,picc,A4,24.15,0.297,0.21,0.062369999999999995,1.5484393940035588,0.88,0.97,0.94,0.42,0.43,0.22,0.18,0.23,0.25,0.23,0.46,0.45,0.29,0.29,0.22,0.11,0.07,0.1399,0.048,0.0344,0.0376,0.0198,0.51,1.11
109,107,picc,A4,100.0,0.297,0.21,0.062369999999999995,1.5253007676716512,1.42,1.33,1.45,0.88,0.8,0.35,0.36,0.47,0.39,0.34,0.81,0.88,0.54,0.54,0.63,0.38,0.25,0.4395,0.1233,0.1276,0.1255,0.0631,0.41,1.64
110,150,picc,A4,100.0,0.297,0.21,0.062369999999999995,1.7937885146833987,0.98,1.24,1.23,0.72,0.72,0.37,0.19,0.38,0.38,0.26,0.53,0.53,0.31,0.31,0.47,0.2,0.12,0.2661,0.1216,0.0574,0.0614,0.0256,0.58,0.78
111,146,picc,A4,58.3,0.297,0.21,0.062369999999999995,1.630427039926066,1.05,0.97,0.98,0.58,0.57,0.34,0.2,0.34,0.33,0.28,0.48,0.49,0.29,0.29,0.33,0.16,0.1,0.2112,0.0765,0.0502,0.0591,0.0253,0.46,0.9
112,10271,picc,A4,43.0,0.297,0.21,0.062369999999999995,1.5499876193540414,1.04,0.74,0.75,0.4,0.4,0.17,0.2,0.22,0.22,0.2,0.44,0.44,0.26,0.26,0.16,0.1,0.06,0.1098,0.0311,0.028,0.0316,0.0191,0.42,1.25
114,110,picc,A4,91.3,0.297,0.21,0.062369999999999995,1.6586732720216781,0.93,1.32,1.3,0.74,0.75,0.36,0.22,0.38,0.39,0.31,0.62,0.61,0.38,0.38,0.5,0.24,0.14,0.3004,0.1284,0.0724,0.0739,0.0257,0.59,0.93
115,147,picc,A4,23.7,0.297,0.21,0.062369999999999995,1.5974753884446897,0.96,0.79,0.78,0.39,0.39,0.18,0.18,0.2,0.2,0.22,0.37,0.37,0.23,0.23,0.16,0.07,0.05,0.1082,0.0359,0.0229,0.0341,0.0154,0.46,1.09
116,151,picc,A4,100.0,0.297,0.21,0.062369999999999995,1.726578096864435,0.93,1.37,1.35,0.72,0.73,0.36,0.2,0.41,0.43,0.32,0.64,0.63,0.34,0.34,0.56,0.26,0.14,0.3185,0.139,0.0689,0.0806,0.03,0.61,0.77
117,106,picc,A4,26.55,0.297,0.21,0.062369999999999995,1.5372804095078871,0.9,0.85,0.83,0.41,0.42,0.21,0.15,0.2,0.21,0.22,0.39,0.38,0.23,0.23,0.17,0.08,0.05,0.1112,0.042,0.0221,0.0311,0.016,0.51,1.06
118,10231,picc,A4,50.0,0.297,0.21,0.062369999999999995,1.5734124616224052,0.94,1.0,0.98,0.43,0.44,0.21,0.0,0.25,0.26,0.27,0.61,0.6,0.37,0.37,0.25,0.15,0.09,0.1769,0.0446,0.0456,0.0588,0.0279,0.38,1.37
119,25,picc,A4,22.0,0.297,0.21,0.062369999999999995,1.5437758776076318,0.89,0.88,0.85,0.43,0.44,0.21,0.14,0.21,0.22,0.21,0.38,0.37,0.24,0.24,0.18,0.08,0.05,0.1139,0.0412,0.0225,0.0356,0.0147,0.52,1.03
120,192,picc,A4,100.0,0.297,0.21,0.062369999999999995,1.6638600555193146,0.85,1.39,1.33,0.71,0.74,0.34,0.21,0.35,0.38,0.34,0.68,0.65,0.38,0.38,0.49,0.24,0.13,0.2953,0.1297,0.0678,0.0811,0.0167,0.61,0.92
121,33,picc,A4,60.75,0.297,0.21,0.062369999999999995,1.5384536966233051,1.06,0.97,0.98,0.53,0.52,0.24,0.19,0.28,0.27,0.23,0.65,0.66,0.43,0.43,0.27,0.18,0.12,0.1836,0.0479,0.0593,0.052,0.0244,0.4,1.64
122,184,picc,A4,74.65,0.297,0.21,0.062369999999999995,1.5855241353701373,0.78,1.49,1.4,0.66,0.7,0.36,0.2,0.37,0.42,0.33,0.43,0.4,0.27,0.27,0.55,0.16,0.1,0.2937,0.1416,0.0466,0.0702,0.0354,0.62,0.57
123,44,picc,A4,51.15,0.297,0.21,0.062369999999999995,1.596334453497796,0.87,1.0,0.97,0.53,0.55,0.26,0.17,0.27,0.29,0.25,0.37,0.36,0.18,0.18,0.27,0.1,0.05,0.1553,0.0741,0.0248,0.038,0.0184,0.6,0.59
124,13,picc,A4,100.0,0.297,0.21,0.062369999999999995,1.5332286897387395,0.71,1.52,1.4,0.62,0.68,0.32,0.18,0.35,0.42,0.35,0.63,0.58,0.37,0.37,0.53,0.22,0.13,0.3027,0.1353,0.0626,0.0797,0.0251,0.61,0.75
125,52,picc,A4,77.65,0.297,0.21,0.062369999999999995,1.6182032268215902,0.81,1.29,1.22,0.6,0.63,0.29,0.19,0.3,0.33,0.3,0.58,0.55,0.33,0.33,0.39,0.17,0.1,0.2266,0.0991,0.0494,0.0514,0.0267,0.59,0.89
126,29,picc,A4,56.05,0.297,0.21,0.062369999999999995,1.6481545489573561,0.72,1.3,1.2,0.49,0.53,0.25,0.17,0.26,0.31,0.26,0.58,0.53,0.38,0.38,0.34,0.15,0.1,0.2011,0.089,0.0492,0.0458,0.0172,0.58,1.05
127,171,picc,A4,33.1,0.297,0.21,0.062369999999999995,1.6071254307630483,0.89,1.13,1.1,0.51,0.53,0.23,0.17,0.24,0.25,0.24,0.57,0.55,0.34,0.34,0.27,0.14,0.08,0.1703,0.0627,0.0393,0.0478,0.0205,0.52,1.24
128,126,picc,A4,72.65,0.297,0.21,0.062369999999999995,1.5890897717747772,0.93,1.27,1.25,0.5,0.51,0.3,0.25,0.32,0.33,0.3,0.73,0.72,0.52,0.52,0.41,0.23,0.17,0.2707,0.0815,0.0822,0.0718,0.0352,0.43,1.51
129,10211,picc,A4,37.5,0.297,0.21,0.062369999999999995,1.5952906688528554,0.99,0.92,0.92,0.46,0.46,0.2,0.14,0.24,0.24,0.2,0.5,0.5,0.32,0.32,0.22,0.12,0.08,0.1403,0.0454,0.0376,0.0432,0.0141,0.45,1.35
130,91,picc,A4,37.65,0.297,0.21,0.062369999999999995,1.5633337787596475,0.95,0.87,0.86,0.41,0.42,0.21,0.16,0.21,0.22,0.2,0.45,0.44,0.28,0.28,0.18,0.09,0.06,0.1174,0.0449,0.0301,0.0276,0.0147,0.53,1.27
131,68,picc,A4,55.85,0.297,0.21,0.062369999999999995,1.3698985740226457,0.83,1.22,1.16,0.55,0.58,0.26,0.19,0.28,0.31,0.3,0.56,0.53,0.36,0.36,0.34,0.16,0.1,0.2045,0.0855,0.0472,0.0518,0.0201,0.63,1.08
132,130,picc,A4,46.55,0.297,0.21,0.062369999999999995,1.4137358829456483,0.93,1.1,1.08,0.56,0.57,0.26,0.2,0.29,0.3,0.25,0.56,0.55,0.34,0.34,0.32,0.16,0.1,0.1943,0.0784,0.0491,0.0443,0.0225,0.54,1.11
133,87,picc,A4,59.9,0.297,0.21,0.062369999999999995,1.545253695512715,0.78,1.37,1.29,0.47,0.5,0.31,0.23,0.3,0.34,0.31,0.61,0.57,0.38,0.38,0.41,0.18,0.11,0.2471,0.1094,0.0567,0.0533,0.0277,0.57,0.98
134,167,picc,A4,32.45,0.297,0.21,0.062369999999999995,1.5113382460445213,0.98,0.92,0.92,0.45,0.45,0.22,0.16,0.23,0.23,0.21,0.52,0.52,0.3,0.3,0.21,0.12,0.07,0.135,0.0454,0.0342,0.0392,0.0163,0.52,1.29
135,188,picc,A4,100.0,0.297,0.21,0.062369999999999995,1.737278806904852,0.69,1.68,1.53,0.69,0.76,0.19,0.14,0.34,0.41,0.41,0.8,0.73,0.54,0.54,0.57,0.27,0.18,0.3585,0.1434,0.0905,0.0928,0.0318,0.56,1.08
136,183,picc,A4,56.25,0.297,0.21,0.062369999999999995,1.5299231147399872,0.93,1.18,1.16,0.53,0.54,0.3,0.16,0.32,0.33,0.28,0.62,0.61,0.39,0.39,0.38,0.2,0.12,0.2343,0.0884,0.0632,0.0592,0.0235,0.54,1.14
137,63,picc,A4,60.6,0.297,0.21,0.062369999999999995,1.591911736968534,0.97,1.36,1.35,0.7,0.71,0.3,0.21,0.33,0.34,0.33,0.77,0.76,0.48,0.48,0.45,0.25,0.16,0.3014,0.0927,0.077,0.092,0.0397,0.45,1.43
138,8,picc,A4,49.25,0.297,0.21,0.062369999999999995,1.6313291996548236,0.72,1.19,1.1,0.46,0.5,0.26,0.18,0.26,0.31,0.29,0.5,0.46,0.3,0.3,0.31,0.13,0.08,0.1856,0.0854,0.0395,0.0425,0.0182,0.6,0.83
139,22,picc,A4,47.65,0.297,0.21,0.062369999999999995,1.5998753894671847,0.98,1.11,1.1,0.55,0.55,0.27,0.18,0.29,0.29,0.26,0.55,0.55,0.36,0.36,0.32,0.16,0.1,0.2039,0.0794,0.0514,0.0538,0.0193,0.55,1.22
140,59,picc,A4,56.15,0.297,0.21,0.062369999999999995,1.645004718669573,0.98,1.04,1.03,0.47,0.47,0.29,0.13,0.27,0.27,0.26,0.53,0.53,0.31,0.31,0.28,0.14,0.08,0.1826,0.0734,0.0423,0.0469,0.0199,0.54,1.12
141,101,picc,A4,24.7,0.297,0.21,0.062369999999999995,1.5726207442285338,0.92,0.8,0.78,0.37,0.38,0.16,0.11,0.17,0.18,0.18,0.42,0.41,0.24,0.24,0.14,0.07,0.04,0.0897,0.0303,0.0203,0.0258,0.0134,0.48,1.24
142,156,picc,A4,100.0,0.297,0.21,0.062369999999999995,1.3594592860486796,0.79,1.45,1.37,0.52,0.55,0.31,0.2,0.31,0.35,0.33,0.68,0.64,0.46,0.46,0.45,0.21,0.14,0.2816,0.11,0.0681,0.078,0.0256,0.55,1.17
143,10261,picc,A4,48.0,0.297,0.21,0.062369999999999995,1.630956543795108,0.94,1.24,1.22,0.54,0.55,0.26,0.19,0.29,0.3,0.26,0.74,0.73,0.52,0.52,0.36,0.21,0.15,0.2344,0.0745,0.0739,0.0609,0.0251,0.46,1.7
144,18,picc,A4,73.55,0.297,0.21,0.062369999999999995,1.5996732418536637,0.87,1.44,1.39,0.7,0.72,0.32,0.0,0.33,0.35,0.36,0.94,0.91,0.54,0.54,0.48,0.31,0.18,0.3146,0.1171,0.0885,0.0861,0.0228,0.56,1.44
145,140,picc,A4,100.0,0.297,0.21,0.062369999999999995,1.7317588676178732,0.89,1.6,1.55,0.82,0.8,0.47,0.23,0.45,0.48,0.33,0.78,0.76,0.63,0.63,0.72,0.35,0.28,0.4437,0.1811,0.144,0.1002,0.0185,0.56,1.24
146,117,picc,A4,39.15,0.297,0.21,0.062369999999999995,1.5555099727533617,0.92,0.91,0.89,0.46,0.47,0.21,0.14,0.24,0.25,0.23,0.5,0.49,0.29,0.29,0.22,0.12,0.07,0.1391,0.0513,0.0332,0.0382,0.0163,0.5,1.12
147,10191,picc,A4,48.0,0.297,0.21,0.062369999999999995,1.5464348751215695,1.1,0.95,0.97,0.53,0.52,0.25,0.23,0.28,0.27,0.25,0.52,0.53,0.34,0.34,0.27,0.15,0.1,0.1827,0.0514,0.047,0.0596,0.0246,0.4,1.35
148,38,picc,A4,52.9,0.297,0.21,0.062369999999999995,1.6074291460189427,0.72,1.31,1.21,0.56,0.61,0.25,0.16,0.27,0.32,0.31,0.65,0.6,0.35,0.35,0.35,0.18,0.09,0.2132,0.0854,0.0472,0.053,0.0276,0.55,0.93
149,160,picc,A4,100.0,0.297,0.21,0.062369999999999995,1.7556516266387137,0.89,1.27,1.23,0.65,0.67,0.32,0.18,0.35,0.37,0.31,0.59,0.57,0.38,0.38,0.44,0.21,0.13,0.275,0.1141,0.066,0.072,0.0229,0.56,0.94
150,137,picc,A4,27.45,0.297,0.21,0.062369999999999995,1.548675420964526,0.94,0.88,0.87,0.43,0.44,0.19,0.14,0.22,0.23,0.2,0.46,0.45,0.29,0.29,0.19,0.1,0.06,0.1227,0.0447,0.032,0.0317,0.0143,0.52,1.22
151,4,picc,A4,58.45,0.297,0.21,0.062369999999999995,1.5637919412476762,0.89,0.96,0.93,0.48,0.49,0.27,0.17,0.27,0.29,0.21,0.44,0.43,0.3,0.3,0.26,0.12,0.08,0.1579,0.069,0.041,0.0383,0.0096,0.59,0.98
152,80,picc,A4,38.95,0.297,0.21,0.062369999999999995,1.484983295251856,0.79,1.17,1.1,0.43,0.46,0.21,0.14,0.22,0.25,0.23,0.53,0.5,0.32,0.32,0.26,0.12,0.07,0.1537,0.0624,0.0353,0.0392,0.0168,0.57,1.15
153,79,picc,A4,49.2,0.297,0.21,0.062369999999999995,1.6389016116085895,0.85,1.26,1.21,0.63,0.66,0.28,0.2,0.29,0.31,0.27,0.53,0.51,0.32,0.32,0.37,0.15,0.09,0.2125,0.0926,0.0466,0.0513,0.022,0.62,0.93
154,121,picc,A4,24.3,0.297,0.21,0.062369999999999995,1.563300215330373,0.95,0.93,0.92,0.48,0.49,0.2,0.16,0.2,0.21,0.2,0.5,0.49,0.35,0.35,0.19,0.1,0.07,0.1277,0.0404,0.0349,0.0363,0.0161,0.47,1.62
155,96,picc,A4,55.15,0.297,0.21,0.062369999999999995,1.5522036713392062,0.85,1.06,1.02,0.49,0.51,0.26,0.19,0.27,0.29,0.25,0.51,0.49,0.34,0.34,0.29,0.14,0.09,0.1771,0.0729,0.0455,0.0423,0.0164,0.53,1.06
156,176,picc,A4,76.0,0.297,0.21,0.062369999999999995,1.5784590120644357,1.05,1.31,1.33,0.68,0.67,0.27,0.26,0.36,0.35,0.31,0.75,0.76,0.49,0.49,0.47,0.27,0.18,0.3074,0.0945,0.0864,0.0793,0.0472,0.45,1.44
157,10241,picc,A4,46.0,0.297,0.21,0.062369999999999995,1.568234856987118,0.98,0.93,0.93,0.42,0.42,0.19,0.17,0.21,0.21,0.24,0.63,0.63,0.44,0.44,0.2,0.13,0.09,0.1567,0.0295,0.0476,0.0554,0.0242,0.33,2.02
158,55,picc,A4,38.45,0.297,0.21,0.062369999999999995,1.536837261453661,0.91,1.03,1.01,0.51,0.52,0.26,0.18,0.25,0.26,0.22,0.49,0.48,0.35,0.35,0.26,0.12,0.09,0.1564,0.0687,0.0435,0.032,0.0121,0.58,1.3
159,14,picc,A4,37.9,0.297,0.21,0.062369999999999995,1.588246896898286,1.04,1.05,1.06,0.47,0.47,0.24,0.21,0.27,0.26,0.24,0.6,0.61,0.38,0.38,0.28,0.16,0.1,0.1906,0.0544,0.0522,0.0537,0.0303,0.4,1.48
160,43,picc,A4,83.8,0.297,0.21,0.062369999999999995,1.5131242435200618,0.83,1.12,1.07,0.51,0.53,0.24,0.15,0.31,0.34,0.3,0.62,0.59,0.4,0.4,0.35,0.19,0.12,0.2206,0.0846,0.0616,0.0554,0.0191,0.51,1.06
161,15,picc,A4,57.8,0.297,0.21,0.062369999999999995,1.573087071686663,0.76,1.18,1.1,0.48,0.51,0.23,0.15,0.25,0.29,0.26,0.7,0.65,0.5,0.5,0.3,0.18,0.12,0.1948,0.0605,0.0631,0.0524,0.0188,0.44,1.54
162,177,picc,A4,28.3,0.297,0.21,0.062369999999999995,1.5471585448826668,1.1,0.79,0.81,0.45,0.44,0.18,0.19,0.22,0.21,0.21,0.51,0.52,0.36,0.36,0.17,0.11,0.08,0.1283,0.0321,0.039,0.0419,0.0152,0.41,1.82
163,78,picc,A4,31.05,0.297,0.21,0.062369999999999995,1.587550130652464,1.0,0.89,0.89,0.4,0.4,0.22,0.18,0.23,0.23,0.21,0.51,0.51,0.35,0.35,0.2,0.12,0.08,0.1398,0.0405,0.0405,0.0457,0.013,0.43,1.5
164,120,picc,A4,100.0,0.297,0.21,0.062369999999999995,1.4791001705350335,1.04,1.31,1.32,0.7,0.69,0.39,0.29,0.37,0.36,0.34,0.56,0.57,0.36,0.36,0.48,0.21,0.13,0.3099,0.1193,0.067,0.0813,0.0423,0.51,1.0
165,136,picc,A4,56.3,0.297,0.21,0.062369999999999995,1.5876077576143495,1.06,0.92,0.93,0.56,0.55,0.21,0.16,0.29,0.28,0.25,0.54,0.55,0.38,0.38,0.27,0.16,0.11,0.1823,0.0601,0.0561,0.048,0.0181,0.51,1.39
166,10201,picc,A4,38.0,0.297,0.21,0.062369999999999995,1.5661281124464788,1.03,0.95,0.96,0.48,0.48,0.22,0.17,0.27,0.27,0.25,0.56,0.56,0.31,0.31,0.26,0.15,0.08,0.173,0.0503,0.0415,0.0551,0.0262,0.41,1.19
167,81,picc,A4,77.75,0.297,0.21,0.062369999999999995,1.6006310719366417,0.86,1.23,1.18,0.51,0.53,0.27,0.17,0.29,0.31,0.27,0.64,0.62,0.36,0.36,0.36,0.19,0.1,0.2188,0.0922,0.0525,0.0502,0.024,0.53,1.07
169,161,picc,A4,100.0,0.297,0.21,0.062369999999999995,1.6327325113457005,0.94,1.27,1.25,0.67,0.68,0.35,0.18,0.37,0.38,0.32,0.69,0.68,0.45,0.45,0.47,0.26,0.17,0.2951,0.11,0.083,0.0823,0.0198,0.58,1.16
171,10221,picc,A4,37.0,0.297,0.21,0.062369999999999995,1.5599410418657258,0.93,0.9,0.88,0.4,0.41,0.18,0.16,0.22,0.23,0.25,0.57,0.56,0.31,0.31,0.2,0.13,0.07,0.1376,0.0358,0.034,0.0483,0.0194,0.41,1.34
172,19,picc,A4,39.55,0.297,0.21,0.062369999999999995,1.5584784676084256,0.98,0.95,0.95,0.52,0.52,0.25,0.18,0.26,0.26,0.22,0.43,0.43,0.27,0.27,0.25,0.11,0.07,0.1561,0.0651,0.0351,0.04,0.0159,0.55,1.0
173,141,picc,A4,100.0,0.297,0.21,0.062369999999999995,1.6451851232587218,1.09,1.28,1.31,0.47,0.46,0.3,0.27,0.35,0.34,0.28,0.74,0.76,0.6,0.6,0.45,0.26,0.21,0.3091,0.0805,0.1036,0.0968,0.0282,0.41,1.88
174,157,picc,A4,62.55,0.297,0.21,0.062369999999999995,1.5824916999605854,0.82,1.23,1.17,0.6,0.63,0.27,0.18,0.31,0.34,0.33,0.56,0.53,0.28,0.28,0.38,0.17,0.09,0.2254,0.1053,0.0414,0.0582,0.0204,0.62,0.76
175,58,picc,A4,71.8,0.297,0.21,0.062369999999999995,1.4406571482861652,0.75,1.47,1.37,0.56,0.6,0.31,0.22,0.33,0.38,0.35,0.71,0.66,0.47,0.47,0.49,0.23,0.16,0.2986,0.113,0.0775,0.0782,0.03,0.54,1.06
176,100,picc,A4,57.2,0.297,0.21,0.062369999999999995,1.5268754982782802,0.93,1.13,1.11,0.55,0.56,0.27,0.19,0.3,0.31,0.27,0.51,0.5,0.33,0.33,0.34,0.15,0.1,0.2111,0.0894,0.05,0.0536,0.0182,0.57,1.03
177,23,picc,A4,49.3,0.297,0.21,0.062369999999999995,1.6020875926172407,0.83,1.17,1.12,0.55,0.58,0.25,0.17,0.26,0.29,0.27,0.55,0.52,0.35,0.35,0.3,0.14,0.09,0.1915,0.0756,0.0447,0.052,0.0192,0.55,1.09
178,74,picc,A4,63.5,0.297,0.21,0.062369999999999995,1.5704434233767588,0.78,1.12,1.05,0.55,0.59,0.28,0.18,0.28,0.32,0.31,0.51,0.48,0.31,0.31,0.31,0.14,0.09,0.1955,0.0825,0.0434,0.0506,0.019,0.57,0.85
179,10061,picc,A4,18.65,0.297,0.21,0.062369999999999995,1.6590564170218314,1.04,0.77,0.78,0.4,0.4,0.18,0.18,0.21,0.21,0.19,0.44,0.44,0.34,0.34,0.16,0.09,0.07,0.1141,0.0287,0.0343,0.0398,0.0112,0.41,1.69
180,62,picc,A4,87.65,0.297,0.21,0.062369999999999995,1.5758046321652397,1.0,1.28,1.28,0.72,0.72,0.34,0.24,0.36,0.36,0.29,0.52,0.52,0.3,0.3,0.46,0.19,0.11,0.2666,0.1214,0.0526,0.0591,0.0335,0.57,0.83
181,182,picc,A4,52.95,0.297,0.21,0.062369999999999995,1.5586492080466996,1.05,1.04,1.05,0.55,0.54,0.29,0.25,0.3,0.29,0.25,0.64,0.65,0.47,0.47,0.31,0.19,0.14,0.2159,0.0532,0.0713,0.0669,0.0245,0.44,1.63
182,03EBCA2B4E114FFA89CC78E9E9D3DB8E,am,A4,10.0,0.297,0.21,0.062369999999999995,1.5226639742139354,1.0,0.93,0.93,0.49,0.49,0.23,0.16,0.26,0.26,0.23,0.55,0.55,0.36,0.36,0.24,0.14,0.09,0.1636,0.0496,0.0473,0.0446,0.0221,0.42,1.35
183,0AD7EE02D7EB456FBED12D84316D50E2,am,A4,90.0,0.297,0.21,0.062369999999999995,1.4968942876725133,1.12,0.97,1.0,0.5,0.49,0.31,0.28,0.31,0.29,0.27,0.53,0.55,0.32,0.32,0.3,0.16,0.1,0.1953,0.0605,0.0494,0.0685,0.017,0.44,1.18
184,1B9374CE0C9E4A0EBA0DDB030B3F5E44,am,A4,47.5,0.297,0.21,0.062369999999999995,1.5936848686918272,1.12,1.02,1.05,0.62,0.6,0.25,0.27,0.29,0.27,0.28,0.61,0.63,0.4,0.4,0.3,0.18,0.12,0.2135,0.0516,0.0575,0.0693,0.035,0.39,1.55
185,0A014E868B9F4F9CA7BB5A671DDB3E50,am,A4,63.0,0.297,0.21,0.062369999999999995,1.5405025668761219,0.96,1.18,1.17,0.66,0.67,0.31,0.24,0.34,0.35,0.3,0.61,0.6,0.35,0.35,0.4,0.21,0.12,0.247,0.0847,0.0591,0.071,0.0321,0.51,1.02
186,63234948C20B4EF485DCC17360973BB0,am,A4,32.0,0.297,0.21,0.062369999999999995,1.5716261491500632,1.06,0.98,0.99,0.5,0.49,0.2,0.23,0.3,0.29,0.28,0.56,0.57,0.32,0.32,0.29,0.17,0.1,0.1998,0.0571,0.0474,0.0598,0.0355,0.42,1.12
187,0A2DC05C4B084AF58BBE938D3AD33B62,am,A4,100.0,0.297,0.21,0.062369999999999995,1.6076388304509737,0.89,1.46,1.42,0.75,0.77,0.33,0.23,0.38,0.4,0.37,0.99,0.96,0.74,0.74,0.55,0.38,0.28,0.3852,0.1121,0.1385,0.1059,0.0287,0.46,1.74
188,5901358241BD4280BBA8C6CB2F30F4C2,am,A4,85.0,0.297,0.21,0.062369999999999995,1.4967371024824343,1.15,0.92,0.95,0.41,0.4,0.29,0.25,0.28,0.26,0.23,0.5,0.52,0.34,0.34,0.26,0.14,0.1,0.177,0.0554,0.0475,0.0564,0.0177,0.5,1.38
189,0D524A6153F04B908140EBFDA4DCD62F,am,A4,29.5,0.297,0.21,0.062369999999999995,1.5441410635859258,0.97,0.83,0.82,0.37,0.37,0.14,0.17,0.2,0.2,0.21,0.51,0.51,0.3,0.3,0.17,0.1,0.06,0.1136,0.0329,0.0292,0.0343,0.0171,0.41,1.45
190,0A2761755B284A20A42C5839A227C870,am,A4,77.5,0.297,0.21,0.062369999999999995,1.5707963267948966,1.03,1.17,1.18,0.65,0.65,0.27,0.22,0.31,0.31,0.29,0.74,0.75,0.45,0.45,0.36,0.23,0.14,0.2517,0.0758,0.0711,0.0705,0.0344,0.44,1.48
191,0B0C0877E6A34048A7063C0211696C97,am,A4,45.0,0.297,0.21,0.062369999999999995,1.5331662934695103,1.13,0.88,0.91,0.45,0.44,0.22,0.21,0.26,0.24,0.22,0.57,0.59,0.43,0.43,0.23,0.15,0.11,0.167,0.0318,0.0546,0.0577,0.0229,0.3,1.88
192,154633749008e133c7d004461c8289701f50f962a5,am,A4,35.0,0.297,0.21,0.062369999999999995,1.5092958972751578,1.02,1.26,1.27,0.63,0.63,0.26,0.28,0.36,0.36,0.38,0.89,0.89,0.49,0.49,0.45,0.32,0.18,0.3311,0.0804,0.0879,0.1045,0.0583,0.37,1.37
193,053FA27320314B73BDABCF4FFA5B153C,am,A4,76.5,0.297,0.21,0.062369999999999995,1.428024381775286,1.19,1.22,1.27,0.75,0.72,0.31,0.28,0.39,0.36,0.34,0.85,0.89,0.57,0.57,0.48,0.33,0.22,0.3531,0.0706,0.1104,0.1088,0.0632,0.31,1.75
194,0A4D742508E24F45A33858006DC93BAA,am,A4,50.0,0.297,0.21,0.062369999999999995,1.557624817092261,1.01,0.95,0.95,0.37,0.37,0.26,0.28,0.28,0.28,0.28,0.59,0.59,0.37,0.37,0.27,0.17,0.1,0.1865,0.04,0.049,0.0699,0.0276,0.4,1.34
195,5F2AAFC751A3402C8531E33C2946D20B,am,A4,76.5,0.297,0.21,0.062369999999999995,1.5685792321658243,1.06,1.21,1.23,0.61,0.6,0.27,0.22,0.34,0.33,0.3,0.78,0.79,0.52,0.52,0.41,0.27,0.18,0.2844,0.0695,0.0849,0.0905,0.0395,0.4,1.63
196,1129C965122242F8899E4477D5F6E5A5,am,A4,35.0,0.297,0.21,0.062369999999999995,1.6470223665905026,1.11,0.98,1.01,0.59,0.57,0.19,0.21,0.27,0.26,0.22,0.52,0.53,0.33,0.33,0.26,0.14,0.09,0.1717,0.0601,0.0456,0.0465,0.0196,0.51,1.35
197,1F1C81AB44DC4594973240B63026F41D,am,A4,75.0,0.297,0.21,0.062369999999999995,1.4786072638568102,0.99,1.18,1.18,0.46,0.46,0.3,0.26,0.34,0.34,0.31,0.68,0.68,0.46,0.46,0.4,0.23,0.16,0.2565,0.0768,0.0781,0.0871,0.0144,0.41,1.36
198,05AF5433F33D4A9CA5E343CA8AB4DA32,am,A4,30.0,0.297,0.21,0.062369999999999995,1.6135535146342754,1.06,0.81,0.82,0.4,0.39,0.15,0.14,0.23,0.22,0.21,0.49,0.5,0.29,0.29,0.19,0.11,0.07,0.1233,0.038,0.0326,0.0357,0.0171,0.46,1.37
199,0BA0C6EF2F6545A8B57C2077F6115895,am,A4,35.0,0.297,0.21,0.062369999999999995,1.6215826641340059,1.03,0.89,0.9,0.5,0.5,0.21,0.22,0.25,0.25,0.26,0.53,0.53,0.35,0.35,0.22,0.13,0.09,0.1657,0.0374,0.0426,0.0602,0.0254,0.37,1.46
200,1546337499afcd3e7f690e40b3945395ccaa49edb4,am,A4,35.0,0.297,0.21,0.062369999999999995,1.468975009003159,0.98,1.26,1.25,0.6,0.6,0.24,0.25,0.37,0.37,0.38,0.88,0.88,0.48,0.48,0.47,0.33,0.18,0.3257,0.0762,0.0869,0.1014,0.0613,0.38,1.28
201,0AE8D2AF2E084C54884CED2A802C7215,am,A4,65.0,0.297,0.21,0.062369999999999995,1.5338876350804476,1.15,0.96,0.99,0.46,0.44,0.16,0.18,0.27,0.25,0.23,0.66,0.68,0.39,0.39,0.26,0.18,0.11,0.1828,0.0459,0.0528,0.0566,0.0275,0.37,1.63
202,15463314537555c185043a417fb3fb2ede8918ab40,am,A4,24.0,0.297,0.21,0.062369999999999995,1.4948620965789865,1.01,0.86,0.86,0.41,0.41,0.18,0.16,0.24,0.24,0.22,0.57,0.57,0.33,0.33,0.21,0.14,0.08,0.1363,0.0415,0.0391,0.0376,0.018,0.47,1.42
203,1EDCDD2DC80446479372F20DAE8058D6,am,A4,65.0,0.297,0.21,0.062369999999999995,1.5635341589586305,1.02,0.96,0.96,0.5,0.5,0.21,0.21,0.29,0.29,0.27,0.54,0.54,0.27,0.27,0.28,0.16,0.08,0.1842,0.0567,0.0369,0.0607,0.0298,0.45,0.98
204,0D85B984AEE04AE7AD0E46BE7E3917B0,am,A4,80.0,0.297,0.21,0.062369999999999995,1.5462471711032546,1.06,1.01,1.02,0.48,0.47,0.19,0.18,0.26,0.25,0.26,0.74,0.75,0.54,0.54,0.26,0.19,0.14,0.2132,0.0308,0.0709,0.0841,0.0274,0.28,2.21
205,0BF6B69514074D63B29F5E0495C8A89B,am,A4,107.5,0.297,0.21,0.062369999999999995,1.6180430614245145,0.92,1.25,1.22,0.47,0.48,0.17,0.25,0.33,0.34,0.42,0.88,0.86,0.58,0.58,0.41,0.29,0.19,0.3329,0.0663,0.0975,0.124,0.0452,0.34,1.62
206,1546337644d99de1a6d5264a8faf9b1048700d00de,am,A4,22.5,0.297,0.21,0.062369999999999995,1.5105414340743777,1.05,1.15,1.16,0.66,0.65,0.29,0.24,0.34,0.33,0.3,0.66,0.67,0.42,0.42,0.39,0.22,0.14,0.2599,0.0844,0.0715,0.0713,0.0326,0.48,1.29
207,0AE1F536B23B4F80823BDCFE5C2E229D,am,A4,76.5,0.297,0.21,0.062369999999999995,1.7286120976029826,0.94,1.34,1.32,0.53,0.54,0.28,0.41,0.35,0.36,0.41,0.9,0.89,0.56,0.56,0.47,0.32,0.2,0.3494,0.0657,0.0972,0.1134,0.0731,0.35,1.5
208,2A503C14B89046C69F9C4B01DADF8D55,am,A4,45.0,0.297,0.21,0.062369999999999995,1.466710283501537,1.2,0.94,0.98,0.63,0.6,0.2,0.23,0.28,0.26,0.25,0.62,0.65,0.38,0.38,0.26,0.17,0.11,0.192,0.044,0.0515,0.0673,0.0291,0.38,1.62
209,15463317089dc7db3fe41f4c14aeeae76806876cfd,am,A4,55.0,0.297,0.21,0.062369999999999995,1.4443885669131675,1.01,1.05,1.05,0.54,0.54,0.22,0.21,0.32,0.32,0.31,0.6,0.6,0.36,0.36,0.34,0.19,0.12,0.2225,0.0671,0.0548,0.0657,0.0349,0.47,1.14
210,0EFA5F57B93C4B829E77C46CF5891263,am,A4,80.0,0.297,0.21,0.062369999999999995,1.5583705438499977,1.0,1.2,1.2,0.58,0.58,0.3,0.2,0.33,0.33,0.29,0.66,0.66,0.41,0.41,0.4,0.22,0.14,0.2638,0.085,0.0643,0.0837,0.0308,0.45,1.25
211,0AD86D6F21494CB3A634CF34FA4B4DDE,am,A4,80.0,0.297,0.21,0.062369999999999995,1.570348979593817,1.05,1.14,1.15,0.6,0.59,0.25,0.2,0.37,0.36,0.33,0.72,0.73,0.43,0.43,0.42,0.27,0.16,0.2856,0.0834,0.0793,0.0796,0.0434,0.45,1.23
